Workbook

Sheet Read Me
A1: Chowly Data Engineering: Lab Test Tracker
A3: What this is: every test case from every lab and the capstone, in one place, with a status for each.
A4: Which cells to edit: only the yellow columns on the 'Test Cases' sheet (Result, Evidence, Notes). Everything else is fixed.
A5: Result values: PASS, FAIL, BLOCKED or NOT RUN. Pick from the dropdown. Every row starts as NOT RUN.
A6: Honesty rule: never mark PASS for something you did not observe. A FAIL with a good note is better than a PASS you cannot show.
A7: The 'Summary' sheet counts results by lab with formulas. Do not type over it.
A9: Example of a filled row (for illustration only, it is not counted):
A10: Lab | B10: ID | C10: Scenario | D10: Result | E10: Evidence | F10: Notes
A11: Lab 4 | B11: L4-T8 | C11: Double run does not double | D11: PASS | E11: https://github.com/you/chowly/commit/abc123 | F11: Ran the Gold load twice, fact_order stayed at the same count.

Sheet Test Cases
A1: Lab | B1: ID | C1: Scenario | D1: How to test | E1: Expected result | F1: Result | G1: Evidence | H1: Notes
A2: Lab 0 | B2: L0-T1 | C2: Notebook runs | D2: Run the smoke test notebook from the setup guide. | E2: It prints 1 and creates a table named `smoke_test`. | F2: NOT RUN
A3: Lab 0 | B3: L0-T2 | C3: SQL endpoint sees the lakehouse table | D3: Open the SQL analytics endpoint and run `SELECT * FROM smoke_test`. If it is missing, wait a minute and refresh. | E3: One row: item_id 1, name Jollof Rice. | F3: NOT RUN
A4: Lab 0 | B4: L0-T3 | C4: Warehouse runs SQL | D4: In `wh_chowly` run `SELECT 1 AS it_works;` | E4: Returns one row. | F4: NOT RUN
A5: Lab 0 | B5: L0-T4 | C5: Git is connected | D5: Commit a change from Fabric or push your exported notebook. | E5: The commit appears in your GitHub fork. | F5: NOT RUN
A6: Lab 0 | B6: L0-T5 | C6: Names are exact | D6: List the items in your workspace. | E6: `lh_chowly` and `wh_chowly` exist with those exact names. | F6: NOT RUN
A7: Lab 1 | B7: L1-T1 | C7: Complaint reaches MongoDB | D7: Submit a complaint with a rating in the app. | E7: One document in `complaints` with the fields in the contract, including the nested `meta` object. | F7: NOT RUN
A8: Lab 1 | B8: L1-T2 | C8: Order event trail | D8: Take one order from placed to paid. | E8: Four documents in `order_events` (PLACED, ASSIGNED, SERVED, PAID) in time order, and each time agrees with the timestamp on the order in SQL. | F8: NOT RUN
A9: Lab 1 | B9: L1-T3 | C9: Uploaded file stays untouched | D9: Upload `supplier_prices_2026-05-04.csv`. Compare its checksum with the original. | E9: Checksums are identical. The file is stored under the filename contract. | F9: NOT RUN
A10: Lab 1 | B10: L1-T4 | C10: Bad uploads are refused | D10: Try a `.pdf` as the roster, an empty CSV, and a file over your size limit. | E10: All three are refused with a clear message and create no `file_uploads` row. | F10: NOT RUN
A11: Lab 1 | B11: L1-T5 | C11: Upload is logged | D11: Upload the roster Excel file. | E11: A row in `file_uploads` with file name, type, role, time, size and path. | F11: NOT RUN
A12: Lab 1 | B12: L1-T6 | C12: API failure does not break ordering | D12: Turn off your internet, reload the Manager page, and place an order. | E12: The banner says weather is unavailable, `source_status` is not `ok`, and the order still works. | F12: NOT RUN
A13: Lab 1 | B13: L1-T7 | C13: API answer is cached | D13: Load the Manager page five times in a minute and check your logs. | E13: One outbound call to each API, not five. | F13: NOT RUN
... A80: Capstone | B80: C-T10 | C80: Scale reasoning | D80: Read your answer to requirement 9. | E80: It names what changes at 100 million records and marks untested claims NOT VERIFIED. | F80: NOT RUN

Sheet Summary
A1: Results by lab (formulas, do not edit)
A3: Lab | B3: Tests | C3: PASS | D3: FAIL | E3: BLOCKED | F3: NOT RUN | G3: % PASS
A4: Lab 0 | B4: =COUNTIF('Test Cases'!$A$2:$A$80,A4) -> 5 | C4: =COUNTIFS('Test Cases'!$A$2:$A$80,$A4,'Test Cases'!$F$2:$F$80,"PASS") -> 0 | D4: =COUNTIFS('Test Cases'!$A$2:$A$80,$A4,'Test Cases'!$F$2:$F$80,"FAIL") -> 0 | E4: =COUNTIFS('Test Cases'!$A$2:$A$80,$A4,'Test Cases'!$F$2:$F$80,"BLOCKED") -> 0 | F4: =COUNTIFS('Test Cases'!$A$2:$A$80,$A4,'Test Cases'!$F$2:$F$80,"NOT RUN") -> 5 | G4: =IF(B4=0,0,C4/B4) -> 0
A5: Lab 1 | B5: =COUNTIF('Test Cases'!$A$2:$A$80,A5) -> 12 | C5: =COUNTIFS('Test Cases'!$A$2:$A$80,$A5,'Test Cases'!$F$2:$F$80,"PASS") -> 0 | D5: =COUNTIFS('Test Cases'!$A$2:$A$80,$A5,'Test Cases'!$F$2:$F$80,"FAIL") -> 0 | E5: =COUNTIFS('Test Cases'!$A$2:$A$80,$A5,'Test Cases'!$F$2:$F$80,"BLOCKED") -> 0 | F5: =COUNTIFS('Test Cases'!$A$2:$A$80,$A5,'Test Cases'!$F$2:$F$80,"NOT RUN") -> 12 | G5: =IF(B5=0,0,C5/B5) -> 0
A6: Lab 2 | B6: =COUNTIF('Test Cases'!$A$2:$A$80,A6) -> 7 | C6: =COUNTIFS('Test Cases'!$A$2:$A$80,$A6,'Test Cases'!$F$2:$F$80,"PASS") -> 0 | D6: =COUNTIFS('Test Cases'!$A$2:$A$80,$A6,'Test Cases'!$F$2:$F$80,"FAIL") -> 0 | E6: =COUNTIFS('Test Cases'!$A$2:$A$80,$A6,'Test Cases'!$F$2:$F$80,"BLOCKED") -> 0 | F6: =COUNTIFS('Test Cases'!$A$2:$A$80,$A6,'Test Cases'!$F$2:$F$80,"NOT RUN") -> 7 | G6: =IF(B6=0,0,C6/B6) -> 0
A7: Lab 3 | B7: =COUNTIF('Test Cases'!$A$2:$A$80,A7) -> 9 | C7: =COUNTIFS('Test Cases'!$A$2:$A$80,$A7,'Test Cases'!$F$2:$F$80,"PASS") -> 0 | D7: =COUNTIFS('Test Cases'!$A$2:$A$80,$A7,'Test Cases'!$F$2:$F$80,"FAIL") -> 0 | E7: =COUNTIFS('Test Cases'!$A$2:$A$80,$A7,'Test Cases'!$F$2:$F$80,"BLOCKED") -> 0 | F7: =COUNTIFS('Test Cases'!$A$2:$A$80,$A7,'Test Cases'!$F$2:$F$80,"NOT RUN") -> 9 | G7: =IF(B7=0,0,C7/B7) -> 0
A8: Lab 4 | B8: =COUNTIF('Test Cases'!$A$2:$A$80,A8) -> 9 | C8: =COUNTIFS('Test Cases'!$A$2:$A$80,$A8,'Test Cases'!$F$2:$F$80,"PASS") -> 0 | D8: =COUNTIFS('Test Cases'!$A$2:$A$80,$A8,'Test Cases'!$F$2:$F$80,"FAIL") -> 0 | E8: =COUNTIFS('Test Cases'!$A$2:$A$80,$A8,'Test Cases'!$F$2:$F$80,"BLOCKED") -> 0 | F8: =COUNTIFS('Test Cases'!$A$2:$A$80,$A8,'Test Cases'!$F$2:$F$80,"NOT RUN") -> 9 | G8: =IF(B8=0,0,C8/B8) -> 0
A9: Lab 5 | B9: =COUNTIF('Test Cases'!$A$2:$A$80,A9) -> 8 | C9: =COUNTIFS('Test Cases'!$A$2:$A$80,$A9,'Test Cases'!$F$2:$F$80,"PASS") -> 0 | D9: =COUNTIFS('Test Cases'!$A$2:$A$80,$A9,'Test Cases'!$F$2:$F$80,"FAIL") -> 0 | E9: =COUNTIFS('Test Cases'!$A$2:$A$80,$A9,'Test Cases'!$F$2:$F$80,"BLOCKED") -> 0 | F9: =COUNTIFS('Test Cases'!$A$2:$A$80,$A9,'Test Cases'!$F$2:$F$80,"NOT RUN") -> 8 | G9: =IF(B9=0,0,C9/B9) -> 0
A10: Lab 6 | B10: =COUNTIF('Test Cases'!$A$2:$A$80,A10) -> 8 | C10: =COUNTIFS('Test Cases'!$A$2:$A$80,$A10,'Test Cases'!$F$2:$F$80,"PASS") -> 0 | D10: =COUNTIFS('Test Cases'!$A$2:$A$80,$A10,'Test Cases'!$F$2:$F$80,"FAIL") -> 0 | E10: =COUNTIFS('Test Cases'!$A$2:$A$80,$A10,'Test Cases'!$F$2:$F$80,"BLOCKED") -> 0 | F10: =COUNTIFS('Test Cases'!$A$2:$A$80,$A10,'Test Cases'!$F$2:$F$80,"NOT RUN") -> 8 | G10: =IF(B10=0,0,C10/B10) -> 0
A11: Lab 7 | B11: =COUNTIF('Test Cases'!$A$2:$A$80,A11) -> 8 | C11: =COUNTIFS('Test Cases'!$A$2:$A$80,$A11,'Test Cases'!$F$2:$F$80,"PASS") -> 0 | D11: =COUNTIFS('Test Cases'!$A$2:$A$80,$A11,'Test Cases'!$F$2:$F$80,"FAIL") -> 0 | E11: =COUNTIFS('Test Cases'!$A$2:$A$80,$A11,'Test Cases'!$F$2:$F$80,"BLOCKED") -> 0 | F11: =COUNTIFS('Test Cases'!$A$2:$A$80,$A11,'Test Cases'!$F$2:$F$80,"NOT RUN") -> 8 | G11: =IF(B11=0,0,C11/B11) -> 0
A12: Lab 8 | B12: =COUNTIF('Test Cases'!$A$2:$A$80,A12) -> 3 | C12: =COUNTIFS('Test Cases'!$A$2:$A$80,$A12,'Test Cases'!$F$2:$F$80,"PASS") -> 0 | D12: =COUNTIFS('Test Cases'!$A$2:$A$80,$A12,'Test Cases'!$F$2:$F$80,"FAIL") -> 0 | E12: =COUNTIFS('Test Cases'!$A$2:$A$80,$A12,'Test Cases'!$F$2:$F$80,"BLOCKED") -> 0 | F12: =COUNTIFS('Test Cases'!$A$2:$A$80,$A12,'Test Cases'!$F$2:$F$80,"NOT RUN") -> 3 | G12: =IF(B12=0,0,C12/B12) -> 0
A13: Capstone | B13: =COUNTIF('Test Cases'!$A$2:$A$80,A13) -> 10 | C13: =COUNTIFS('Test Cases'!$A$2:$A$80,$A13,'Test Cases'!$F$2:$F$80,"PASS") -> 0 | D13: =COUNTIFS('Test Cases'!$A$2:$A$80,$A13,'Test Cases'!$F$2:$F$80,"FAIL") -> 0 | E13: =COUNTIFS('Test Cases'!$A$2:$A$80,$A13,'Test Cases'!$F$2:$F$80,"BLOCKED") -> 0 | F13: =COUNTIFS('Test Cases'!$A$2:$A$80,$A13,'Test Cases'!$F$2:$F$80,"NOT RUN") -> 10 | G13: =IF(B13=0,0,C13/B13) -> 0
A14: Total | B14: =SUM(B4:B13) -> 79 | C14: =SUM(C4:C13) -> 0 | D14: =SUM(D4:D13) -> 0 | E14: =SUM(E4:E13) -> 0 | F14: =SUM(F4:F13) -> 79 | G14: =IF(B14=0,0,C14/B14) -> 0
